id|name|imdb_index|imdb_id|gender|name_pcode_cf|name_pcode_nf|surname_pcode|md5sum
3343|Abela, Mike|||m|A1452|M214|A14|61f733c0298a7cb5a461fd787a655d70
446|A., David|||m|A313|D13|A|cf45e7b42fbc800c61462988ad1156d2
126|-Alverio, Esteban Rodriguez|||m|A4162|E2315|A416|f5c410bff6839b545d04c531f776e8f2
1678|Abbas, Athar|||m|A1236|A3612|A12|cf230f6ed718a330dc688c20b8d741d3
3610|Aberer, Leo|||m|A164|L16|A16|05684f16b84db387e613d3de57eca5b7
506|A.J.|II||m|A2|||c63baf59b537e471b6ec4b68c5d1373e
465|A., Narayana Rao|||m|A5656|N656|A|c7a6b13ba56547bd0a1c352171b2d0c2
3612|Aberg, Siv Marta|||m|A1621|S1563|A162|eda04e0a59f7548878f2663eeb02164e
1932|Abbot Jr., Greg|||m|A1326|G6213||f3c72bdb04a43aae7af1424c261d50ff
2266|Abdalla, Isam|||m|A1342|I2513|A134|22eb3783f3ff2ec3554311899f152960
3495|Abelló, Pere|||m|A1416|P614|A14|32fe0093331bbac8cffaac6260b35d23
2364|Abdel, Neder|||m|A1345|N3613|A134|650043b0567c05a6671bfe63b0e13160
3468|Abelle, Fidel|||m|A1413|F3414|A14|54117abdacef0c430339e80dd77039b6
2945|Abduller, Abdumin|||m|A1346|A1351||cc6e673a092793548021aea271ae0a49
1438|Abarbanell, Eric|||m|A1615|E6216||1c5d69bac758bd93e8752cbb64f8de60
746|Aames, Bruce|||m|A5216|B6252|A52|2c456bea1597e3291a30e4b40972aaa8
2138|Abbott, Reece|||m|A1362|R213|A13|446f5e31d53e84abbede328c0374cd6b
3475|Abellira, Remi|||m|A1465|R5146|A146|e36f700ab78865590b68fbaf1eddd4e2
373|78 Plus|||m|P42|||1740dc46b0120dc8fd73af48c658430f
1175|Abad, Andrew|||m|A1353|A5361|A13|e64742d4900b8954aed9497139f23eab
1293|Abadii, Eksander|||m|A1325|E2536|A13|39f5936e2f268ee3790eb45aba43ddd8
2923|Abdullayev, Elvin|||m|A1341|E4151||966904fe0f031b6865b1adbe2e1a00fe
906|Aaron, James|II||m|A6525|J5265|A65|f9bc627c4dbe9e4b87e05e63e8c58deb
1461|Abarno, José María|||m|A1652|J2561|A165|3312cb678052ecfed74c18ab3551ea6c
175|10CC|||m|C2|||fef9ccd06e5a016078ac9d9ca705507f
132|., Daniyar|||m|D56|||5e50f0de347425b9c7b76695cc136ba0
1479|Abascal, José Manuel|||m|A1242|J2541|A124|369ac8ce4b3d67b757d98d661350ed69
2442|Abdelkader, Ghannam|||m|A1342|G5134||2222c78c133b9b75e7747daf7b3ac002
2259|Abdalla, Abrahão|||m|A1341|A1613|A134|ec5de1fba38c334082fa447e0fe62930
1554|Abatiell, Robert|||m|A1346|R1631|A134|3e384becc5593f997298bddec9346ce4
809|Aaren, Leslie|||m|A6542|L2465|A65|28a047523ef05688e3999e63c40b0397
2525|Abderahmane, Slimane Hadj|||m|A1365|S4532||948e31eaa324e27b3f98b68413d8ff3d
2406|Abdelgani, Hassan|||m|A1342|H2513||6f64b9a0796e9fa9f011d38ab034f2b3
400|A El Rahim, Ahmed|||m|A4653|A5346|A465|9698c31ec0eb8b38172ae89e8c67b028
3516|Abelson, Arthur|||m|A1425|A6361||f928320c2a7a7bed50ce782fb256c276
2503|Abdelnour, Miranda|||m|A1345|M6531||699eccee2b46311e4575ec59e32e8e97
580|Aafaq|||m|A12|||1072898cd814fabd0b58e8399e7c9487
3628|Aberle, Norbert|||m|A1645|N6163|A164|7be02e5a22667f99171528bc0f6774c1
133|., Dian Aisyah|||m|D52|||7107d4dce877b981e996078631bff681
3589|Abercrombie, John|||m|A1626|J5162||d8282bd038fd46b8af3d32ff8b1fbe57
242|2Mex|||m|M2|||9908e29f69fdd0ce98c50b69215846ec
2272|Abdalla, Seif|||m|A1342|S134|A134|45325dcb13de7517d8fef049847c29b2
3634|Aberman, Larry|II||m|A1654|L6165|A165|806b07df90a06586cf3831e06a61ab5d
2433|Abdelhussein, Uday Hussein|||m|A1342|U3251||4360aabe130a4932f017acc520df6a44
2757|Abdul-Khaliq, Asad|||m|A1342|A2313||db45f72ef56d1979e021feb479869ae2
221|2000, Spoiler|||m|S146|||ade2aad58b662b680f650b0d9f28bb52
399|A Camp|||m|A251|||136467262063314d518405f98405e671
3380|Abelenda, Federico|||m|A1453|F3621||38f0c79fb7daef087f8280fab216e224
35|'El Happy' Lora, Miguel|||m|E4146|M2414||4d04196e6b407211a1685f2556fd8da3
1126|Aatsinki, Aarne|||m|A3252|A6532||29e673ba4ce4812cdf0538f23bea8ce3
1981|Abbott, Brady|||m|A1316|B6313|A13|1a2f450f56aea631aff2aedbbf99116d
1380|Abalos Reznak, Julia|||m|A1426|J4142||0a01f5d7887b72f7d5fbca53fdbb608f
1621|Abazoglu, Cengiz|||m|A1242|C5212|A124|c84cc2037adfd1096e6d96b330a663a1
3097|Abe, Shirô|||m|A126|S61|A1|e4666f8098ee46ee56429c349881f04c
2112|Abbott, Michael|XII||m|A1352|M2413|A13|a56b7b7cac4f1be7d7cea0d056fe9d3c
23|'Chincheta', Eloy|||m|C5234|E4252|C523|4464187c8580d534a512650e985e3c26
3267|Abel, Jean-Luc|||m|A1425|J5421|A14|5b100a9d2589b0f8934b9e077e749ee7
1866|Abbey, Carfax|||m|A1261|C6121|A1|a16b8233c82de153805a01a3ccf645eb
1724|Abbas, Qamar|||m|A1256|Q5612|A12|4b8c8e7901e0425fb1efae662f3927ab
2981|Abdurachman, A.|||m|A1362|||e7a52a4bf9ef6a08a3c14ca170ec48bd
3492|Abellán, José Antonio|I||m|A1452|J2535|A145|e57dff57084000ca865b9a4869e5c9ec
1520|Abata, Billie|||m|A1314|B413|A13|a808220db977673c39578bc298a99c01
1012|Aarseth, Øystein|||m|A6232|Y2356|A623|0f7dda0d0a75d5de3d3a77b11897a17a
2006|Abbott, Craig|||m|A1326|C6213|A13|d93a9cfee0619f3c7bdae146ff4ff698
1180|Abad, Arthur|||m|A1363|A6361|A13|99bc0c691bab5a86ccd0199888f70f27
2674|Abdu'allah, Faisal|||m|A1341|F2413|A134|7b37c92db7b8e535847a3ffcb3b12807
658|Aalija|||m|A42|||fe3912f7111e7074d767d8e036214a69
957|Aaron, Tommie|||m|A6535|T565|A65|6415a18998fdb9fdbd17436be462af66
96|'t Hout, Rogier in|||m|T3626|R2653|T3|88eeaea4b9b55576950fc4a407a33363
1789|Abbaszade, Fuad|||m|A1231|F3123|A123|a55611977c5bd77388d40b5c6bcab696
2828|Abdullaev, Allovuddin|||m|A1341|A4135||b101f906445dda9d9e5e0a562475467b
3318|Abel, Tommy|||m|A1435|T514|A14|175225d2059a3bbf86739c49f82b8c32
359|666, Portia|||m|P63|||fc73c448deeb400b177cfc9211d18309
240|2K, Charon|||m|K265|C652|K|17d1583f1f546b1731d80742a107f1b8
309|4Granted|||m|G653|||813a1adc8d19c272cf9322ffbcbe1238
3441|Abella, Gene|IV||m|A1425|G514|A14|7d16344779dcfa7f00c0dc415c95afe7
3481|Abello, John|||m|A1425|J514|A14|87453157f6e15379b73e2d4f14e943cc
421|A-Ha|||m|A|||6adbd3552c41454a35217369753f0be1
1104|Aasheim, Erik|||m|A2562|E625|A25|8c2664bcb69bf603014057546e712982
3389|Abeles, Ethan|||m|A1423|E3514|A142|c6fd4a13aec360f5c9ee278bcd5a3a96
1566|Abatzis, T.|||m|A1323|T132|A132|573e5bfed7b1d133277a81a1fb51ada2
3456|Abellan, Alejandro|||m|A1454|A4253|A145|bf61be49952dd081fb1b79f64a1d504a
32|'El Galgo PornoStar', Blanquito|||m|E4242|B4523||719cc1f79b6d97ade3e37fe8a19d7084
1387|Abalos, Jorge|||m|A1426|J6214|A142|6c6ec8da7c56abfa138a5235a606fb07
1522|Abatayo, Eman|||m|A135|E513|A13|7b8c8d081627065428acde3753543691
1692|Abbas, Hanneen|||m|A125|H512|A12|7f7caa660ed33220c91b184e5398c32e
1221|Abad, Manuel|||m|A1354|M5413|A13|f42503b7de3bb1923a6353a01812c94a
1540|Abate, Renato|||m|A1365|R5313|A13|c7184923280113e9481b84cc564799e9
2794|Abdulhamid, Ammar|||m|A1345|A5613||6219175cf90567f0a79392ab2f001cbe
2159|Abbott, Steve|I||m|A1323|S313|A13|e1976a0105d88ebb4fb2c99d86b5d7e8
1627|Abazovic, Hamid|||m|A1212|H5312||72d537337ac0f5396cf43fd50b8cf6b5
108|'Ulaleo, Ka'olelo|||m|U424|K4|U4|62266e353ae2c862d981cd2bb388d5eb
271|33 1/3|||m||||889c14a55236851f4bf9674b90d36bf1
2486|Abdelmajid, Drifi|||m|A1345|D6134||45b725bd6becd60f96340359da99f946
1557|Abato, Paul V.|||m|A1314|P413|A13|6ba58b5479415e8388fb92c6be446467
3211|Abeghraz, Rachid|||m|A1262|R2312||2b054445d528ca9f6994adedd9db9722
2129|Abbott, Percy|||m|A1316|P6213|A13|7992faa0fc9acd53bebbb68549f9360a
1167|Abacan, Jose Mari|||m|A1252|J2561|A125|06f8d8a8e7df8e7887ea7e7c7a671b8c
331|5, Channel|||m|C54|||4db55ab39bb71cbe53eda4eacb768705
2482|Abdellnebi, Bachir|||m|A1345|B2613||27768f67fc42d4b61ff5ed1032edf03b
